<keymap version="1" name="VSCode copy" parent="VSCode">
  <action id="Back">
    <keyboard-shortcut first-keystroke="alt comma" />
  </action>
  <action id="CloseAllEditors">
    <keyboard-shortcut first-keystroke="shift ctrl w" />
  </action>
  <action id="CollapseAllRegions">
    <keyboard-shortcut first-keystroke="shift ctrl alt open_bracket" />
  </action>
  <action id="CollapseBlock" />
  <action id="CollapseRegion">
    <keyboard-shortcut first-keystroke="shift ctrl open_bracket" />
  </action>
  <action id="CommentByBlockComment">
    <keyboard-shortcut first-keystroke="shift ctrl slash" />
  </action>
  <action id="CommentByLineComment">
    <keyboard-shortcut first-keystroke="ctrl slash" />
  </action>
  <action id="Console.TableResult.NavigateAction" />
  <action id="DecrementWindowHeight" />
  <action id="EditSource" />
  <action id="EditorDeleteLine">
    <keyboard-shortcut first-keystroke="ctrl d" />
  </action>
  <action id="EditorDuplicate">
    <keyboard-shortcut first-keystroke="ctrl p" />
  </action>
  <action id="EditorLineEnd">
    <keyboard-shortcut first-keystroke="end" />
    <keyboard-shortcut first-keystroke="ctrl semicolon" />
  </action>
  <action id="EditorLineStart">
    <keyboard-shortcut first-keystroke="home" />
    <keyboard-shortcut first-keystroke="shift ctrl semicolon" />
  </action>
  <action id="EditorMatchBrace">
    <keyboard-shortcut first-keystroke="alt close_bracket" />
  </action>
  <action id="EditorSelectLine" />
  <action id="EditorStartNewLine">
    <keyboard-shortcut first-keystroke="shift ctrl i" />
  </action>
  <action id="EditorStartNewLineBefore">
    <keyboard-shortcut first-keystroke="ctrl i" />
  </action>
  <action id="ExpandAllRegions">
    <keyboard-shortcut first-keystroke="shift ctrl alt close_bracket" />
  </action>
  <action id="ExpandRegion">
    <keyboard-shortcut first-keystroke="shift ctrl close_bracket" />
  </action>
  <action id="FileStructurePopup" />
  <action id="FindNext">
    <keyboard-shortcut first-keystroke="f4" />
  </action>
  <action id="FindPrevious">
    <keyboard-shortcut first-keystroke="f3" />
  </action>
  <action id="Forward">
    <keyboard-shortcut first-keystroke="alt period" />
  </action>
  <action id="GoOpenSettings" />
  <action id="GotoDeclaration">
    <mouse-shortcut keystroke="control button1" />
    <keyboard-shortcut first-keystroke="ctrl equals" />
  </action>
  <action id="GotoFile" />
  <action id="GotoSymbol">
    <keyboard-shortcut first-keystroke="shift ctrl m" />
  </action>
  <action id="IncrementWindowHeight" />
  <action id="JumpToLastChange">
    <keyboard-shortcut first-keystroke="shift ctrl comma" />
  </action>
  <action id="JumpToNextChange">
    <keyboard-shortcut first-keystroke="shift ctrl period" />
  </action>
  <action id="MoveLineDown">
    <keyboard-shortcut first-keystroke="shift ctrl down" />
  </action>
  <action id="MoveLineUp">
    <keyboard-shortcut first-keystroke="shift ctrl up" />
  </action>
  <action id="MoveStatementDown" />
  <action id="MoveStatementUp" />
  <action id="QuickImplementations">
    <keyboard-shortcut first-keystroke="alt f12" />
    <keyboard-shortcut first-keystroke="ctrl minus" />
  </action>
  <action id="RecentFiles">
    <keyboard-shortcut first-keystroke="alt w" />
  </action>
  <action id="ReformatCode">
    <keyboard-shortcut first-keystroke="shift ctrl o" />
  </action>
  <action id="ResetColumnsWidth" />
  <action id="ResizeToolWindowDown" />
  <action id="ResizeToolWindowUp" />
  <action id="RevealIn">
    <keyboard-shortcut first-keystroke="ctrl e" />
  </action>
  <action id="SaveAll">
    <keyboard-shortcut first-keystroke="shift ctrl s" />
  </action>
  <action id="SaveAs" />
  <action id="SelectNextOccurrence" />
  <action id="ServiceView.JumpToServices" />
  <action id="ShowNavBar" />
  <action id="SwitcherIterateItems" />
  <action id="SwitcherRecentEditedChangedToggleCheckBox" />
  <action id="Vcs.EditSource" />
  <action id="Vcs.ShowMessageHistory">
    <keyboard-shortcut first-keystroke="ctrl m" />
  </action>
  <action id="VcsShowNextChangeMarker">
    <keyboard-shortcut first-keystroke="shift ctrl alt period" />
  </action>
  <action id="VcsShowPrevChangeMarker">
    <keyboard-shortcut first-keystroke="shift ctrl alt comma" />
  </action>
  <action id="XDebugger.JumpToSource" />
</keymap>